algoritma,mode,run,seed,x,y,coords,fitness,waktu_detik,evaluasi,evaluasi_ke_95persen
GA,max,1,1,1379.6187313152825,915.5317105681142,"(1379.6, 915.5)",0.7851475572868748,0.567024500000116,2000,154
GA,max,2,2,1379.6187291059364,915.5317131592941,"(1379.6, 915.5)",0.7851475572868748,0.5553835999999137,2000,192
GA,max,3,3,1379.6187507858283,915.5310557063792,"(1379.6, 915.5)",0.7851475572855107,2.275629100000515,2000,192
GA,max,4,4,1379.5953374302176,915.5130976968198,"(1379.6, 915.5)",0.7851475529002703,2.346135100000538,2000,192
GA,max,5,5,1379.6187288793276,915.531708539709,"(1379.6, 915.5)",0.7851475572868749,2.579439500001172,2000,306
GA,max,6,6,1379.6187313545495,915.5317153130393,"(1379.6, 915.5)",0.7851475572868748,2.424767399999837,2000,154
GA,max,7,7,1379.618723593208,915.5317094813855,"(1379.6, 915.5)",0.7851475572868744,2.6885084999994433,2000,268
GA,max,8,8,1379.618725309802,915.5317072938435,"(1379.6, 915.5)",0.7851475572868747,3.0199228999990737,2000,192
GA,max,9,9,1379.6187309079025,915.5317115762597,"(1379.6, 915.5)",0.7851475572868749,3.0140312999974412,2000,192
GA,max,10,10,1379.628478500218,915.5396239926666,"(1379.6, 915.5)",0.7851475565250173,2.4809521999995923,2000,192
GA,max,11,11,1379.6206348789756,915.5350191702953,"(1379.6, 915.5)",0.7851475572484299,2.7443707000020368,2000,192
GA,max,12,12,1379.6181606021098,915.5312481995177,"(1379.6, 915.5)",0.7851475572842803,2.431295099999261,2000,192
GA,max,13,13,1379.626607578693,915.5410275372542,"(1379.6, 915.5)",0.7851475567637014,2.329631000000518,2000,154
GA,max,14,14,1379.6186248420888,915.5315406220619,"(1379.6, 915.5)",0.7851475572867651,2.632496700000047,2000,192
GA,max,15,15,389.98065794615945,649.0833270739322,"(390.0, 649.1)",0.7168413516202676,2.5681204999964393,2000,192
GA,max,16,16,1379.6187298296454,915.5317098630132,"(1379.6, 915.5)",0.7851475572868749,2.535527899999579,2000,268
GA,max,17,17,1379.6187117879813,915.5316860858436,"(1379.6, 915.5)",0.785147557286872,2.57605329999933,2000,230
GA,max,18,18,1379.662389990345,915.7075319475709,"(1379.7, 915.7)",0.7851474826539484,2.298393200002465,2000,154
GA,max,19,19,1379.6187341766754,915.5317212841804,"(1379.6, 915.5)",0.7851475572868746,2.0958045999977912,2000,230
GA,max,20,20,1379.6187292170819,915.5317136672538,"(1379.6, 915.5)",0.7851475572868748,2.4574150999978883,2000,268
GA,max,21,21,1379.618691975447,915.5315852058675,"(1379.6, 915.5)",0.7851475572868363,2.683121999998548,2000,154
GA,max,22,22,1379.6187288977148,915.5317090798208,"(1379.6, 915.5)",0.7851475572868749,2.2148985999992874,2000,268
GA,max,23,23,1379.6239532623804,915.5521282154472,"(1379.6, 915.6)",0.7851475562800776,0.620244099998672,2000,230
GA,max,24,24,1379.6186818551398,915.5316618536866,"(1379.6, 915.5)",0.785147557286856,0.629475600002479,2000,192
GA,max,25,25,1379.6180258323147,915.524848942436,"(1379.6, 915.5)",0.7851475571637401,0.6422970999992685,2000,306
GA,max,26,26,1379.6104671327698,915.5004880485645,"(1379.6, 915.5)",0.7851475549299971,0.7418778999999631,2000,458
GA,max,27,27,1379.6183391989696,915.5301651928008,"(1379.6, 915.5)",0.7851475572811091,0.6864440999997896,2000,192
GA,max,28,28,1379.618839985784,915.5318792599364,"(1379.6, 915.5)",0.785147557286758,0.7042504999990342,2000,192
GA,max,29,29,1379.6187286986242,915.5317046490197,"(1379.6, 915.5)",0.7851475572868748,0.7313751000001503,2000,154
GA,max,30,30,1379.6192503048294,915.5329969460023,"(1379.6, 915.5)",0.7851475572824549,0.6354207000003953,2000,268
PSO,max,1,1,1379.6162935550021,915.532456488687,"(1379.6, 915.5)",0.7851475572169582,0.6987636000012571,2000,120
PSO,max,2,2,1379.6234042682818,915.5419286072083,"(1379.6, 915.5)",0.7851475569874894,0.6310540999984369,2000,240
PSO,max,3,3,1379.6138972254842,915.5297886059058,"(1379.6, 915.5)",0.7851475570876202,0.6401305999970646,2000,240
PSO,max,4,4,1379.6209446079547,915.5205273658127,"(1379.6, 915.5)",0.7851475567399466,0.5948290000014822,2000,280
PSO,max,5,5,1379.622179424999,915.5373799509669,"(1379.6, 915.5)",0.785147557166699,0.7005105999996886,2000,120
PSO,max,6,6,1379.624818917629,915.5381158950024,"(1379.6, 915.5)",0.7851475569832138,0.6480766999993648,2000,120
PSO,max,7,7,1379.6186570352424,915.5327742193001,"(1379.6, 915.5)",0.7851475572830372,0.5855785000021569,2000,400
PSO,max,8,8,1379.6190076664057,915.5300652412776,"(1379.6, 915.5)",0.7851475572757092,0.5800462999977753,2000,200
PSO,max,9,9,1379.615562823983,915.5312865404392,"(1379.6, 915.5)",0.7851475571926005,1.0944544999983918,2000,120
PSO,max,10,10,1379.621523332034,915.5341801846079,"(1379.6, 915.5)",0.7851475572241856,0.5901582000005874,2000,80
PSO,max,11,11,1379.6152183603683,915.5280411017277,"(1379.6, 915.5)",0.785147557186038,0.667734599999676,2000,200
PSO,max,12,12,1379.6214540608808,915.5350242912681,"(1379.6, 915.5)",0.7851475572237187,0.6025451999994402,2000,120
PSO,max,13,13,1379.6208743937746,915.5380614094017,"(1379.6, 915.5)",0.7851475571860147,0.6221437000021979,2000,200
PSO,max,14,14,1379.6157707269313,915.5304084582937,"(1379.6, 915.5)",0.7851475572130512,0.6579841000020679,2000,360
PSO,max,15,15,1379.618772482556,915.5297145084626,"(1379.6, 915.5)",0.7851475572744373,0.5687580000012531,2000,240
PSO,max,16,16,1379.6182255380215,915.534443990796,"(1379.6, 915.5)",0.7851475572550916,0.6297789999989618,2000,560
PSO,max,17,17,1379.628981739791,915.5461779435927,"(1379.6, 915.5)",0.7851475563307081,0.5846264000028896,2000,160
PSO,max,18,18,1379.6183503315096,915.5273342890903,"(1379.6, 915.5)",0.7851475572358732,0.6273551999984193,2000,160
PSO,max,19,19,1379.6187394917074,915.5349388594291,"(1379.6, 915.5)",0.7851475572556414,0.5933537000018987,2000,200
PSO,max,20,20,1379.6164654042975,915.5304289813458,"(1379.6, 915.5)",0.785147557244849,0.5833982000003743,2000,480
PSO,max,21,21,1379.6190930085886,915.5315213155534,"(1379.6, 915.5)",0.785147557285109,0.5690724000014598,2000,120
PSO,max,22,22,1379.6210778229272,915.53009481974,"(1379.6, 915.5)",0.7851475572052946,0.5688708999987284,2000,320
PSO,max,23,23,1379.6168615361087,915.524897751115,"(1379.6, 915.5)",0.7851475571744364,0.5859130999997433,2000,120
PSO,max,24,24,1379.6136495755745,915.5336099050438,"(1379.6, 915.5)",0.7851475569706973,0.580893999998807,2000,200
PSO,max,25,25,1379.6177222280023,915.5338103242551,"(1379.6, 915.5)",0.7851475572531001,0.5688871999991534,2000,320
PSO,max,26,26,1379.6186592989523,915.5324432389103,"(1379.6, 915.5)",0.7851475572849567,0.6220314999991388,2000,160
PSO,max,27,27,1379.6199763764348,915.5333212290731,"(1379.6, 915.5)",0.7851475572733351,0.5832458000004408,2000,320
PSO,max,28,28,1379.6134279779067,915.5535235754841,"(1379.6, 915.6)",0.7851475550070466,0.5955220999967423,2000,560
PSO,max,29,29,1379.6198314366527,915.5353396759054,"(1379.6, 915.5)",0.7851475572546238,0.580382299998746,2000,400
PSO,max,30,30,1379.6173678425628,915.5294551912048,"(1379.6, 915.5)",0.7851475572680322,0.5739432999980636,2000,160
GA,min_valid,1,1,0.0,1500.0,"(0.0, 1500.0)",0.931175762218578,0.635545799999818,2000,154
GA,min_valid,2,2,2000.0,0.0,"(2000.0, 0.0)",0.8977473157894361,0.6432043000022531,2000,116
GA,min_valid,3,3,0.0,1500.0,"(0.0, 1500.0)",0.931175762218578,0.6603369000004022,2000,116
GA,min_valid,4,4,0.0,1500.0,"(0.0, 1500.0)",0.931175762218578,0.7113386000019091,2000,116
GA,min_valid,5,5,0.0,1500.0,"(0.0, 1500.0)",0.931175762218578,0.6754277999971237,2000,116
GA,min_valid,6,6,0.0,1500.0,"(0.0, 1500.0)",0.931175762218578,0.694285099998524,2000,116
GA,min_valid,7,7,0.0,1500.0,"(0.0, 1500.0)",0.931175762218578,0.681015699999989,2000,154
GA,min_valid,8,8,0.0,1500.0,"(0.0, 1500.0)",0.931175762218578,0.6150110999988101,2000,154
GA,min_valid,9,9,0.0,1500.0,"(0.0, 1500.0)",0.931175762218578,0.6046623000002,2000,78
GA,min_valid,10,10,0.0,1500.0,"(0.0, 1500.0)",0.931175762218578,0.6178232999991451,2000,192
GA,min_valid,11,11,0.0,1500.0,"(0.0, 1500.0)",0.931175762218578,0.6154100000021572,2000,116
GA,min_valid,12,12,0.0,1500.0,"(0.0, 1500.0)",0.931175762218578,0.6482534999995551,2000,192
GA,min_valid,13,13,0.0,1500.0,"(0.0, 1500.0)",0.931175762218578,2.336285900000803,2000,116
GA,min_valid,14,14,0.0,1500.0,"(0.0, 1500.0)",0.931175762218578,2.5116247000005387,2000,116
GA,min_valid,15,15,0.0,1500.0,"(0.0, 1500.0)",0.931175762218578,2.435064199999033,2000,116
GA,min_valid,16,16,0.0,1500.0,"(0.0, 1500.0)",0.931175762218578,2.2495276000008744,2000,78
GA,min_valid,17,17,0.0,1500.0,"(0.0, 1500.0)",0.931175762218578,2.160781999999017,2000,154
GA,min_valid,18,18,0.0,1500.0,"(0.0, 1500.0)",0.931175762218578,2.15877239999827,2000,154
GA,min_valid,19,19,0.0,1500.0,"(0.0, 1500.0)",0.931175762218578,2.380013300000428,2000,154
GA,min_valid,20,20,0.0,1500.0,"(0.0, 1500.0)",0.931175762218578,2.472159200002352,2000,154
GA,min_valid,21,21,2000.0,0.0,"(2000.0, 0.0)",0.8977473157894361,2.3284358000018983,2000,78
GA,min_valid,22,22,0.0,1500.0,"(0.0, 1500.0)",0.931175762218578,2.161603299999115,2000,116
GA,min_valid,23,23,0.0,1500.0,"(0.0, 1500.0)",0.931175762218578,2.125703899997461,2000,154
GA,min_valid,24,24,0.0,1500.0,"(0.0, 1500.0)",0.931175762218578,2.442412200001854,2000,154
GA,min_valid,25,25,0.0,1500.0,"(0.0, 1500.0)",0.931175762218578,2.3945593000025838,2000,78
GA,min_valid,26,26,0.0,1500.0,"(0.0, 1500.0)",0.931175762218578,2.3045902000012575,2000,154
GA,min_valid,27,27,0.0,1500.0,"(0.0, 1500.0)",0.931175762218578,2.3980048000012175,2000,154
GA,min_valid,28,28,0.0,1500.0,"(0.0, 1500.0)",0.931175762218578,2.483578100000159,2000,192
GA,min_valid,29,29,0.0,1500.0,"(0.0, 1500.0)",0.931175762218578,2.1155620999998064,2000,154
GA,min_valid,30,30,0.0,1500.0,"(0.0, 1500.0)",0.931175762218578,2.1064979000002495,2000,230
PSO,min_valid,1,1,0.013245251880678932,1499.9995863659105,"(0.0, 1500.0)",0.931174667544106,2.5412600000017846,2000,360
PSO,min_valid,2,2,0.00010168703416895959,1499.9992450453344,"(0.0, 1500.0)",0.9311756574638581,2.222241200001008,2000,360
PSO,min_valid,3,3,0.0010501251478718218,1499.9990803213486,"(0.0, 1500.0)",0.9311755617632211,2.2991744999999355,2000,1040
PSO,min_valid,4,4,1999.9944203723744,0.0008541213267290581,"(2000.0, 0.0)",0.897746652580727,2.391837900002429,2000,560
PSO,min_valid,5,5,0.004468950764222886,1499.9956415344923,"(0.0, 1500.0)",0.9311748521592604,2.313819800001511,2000,1040
PSO,min_valid,6,6,0.0026112801557579713,1499.9983825639877,"(0.0, 1500.0)",0.9311753495599141,2.3966631000002963,2000,800
PSO,min_valid,7,7,0.0017708236986297143,1499.9995231073767,"(0.0, 1500.0)",0.9311755618338096,2.3472301000001607,2000,280
PSO,min_valid,8,8,1999.9896360005318,0.0037368571685055807,"(2000.0, 0.0)",0.8977456813725642,2.2610502999996243,2000,240
PSO,min_valid,9,9,0.0007446661778996236,1499.9951935439665,"(0.0, 1500.0)",0.9311750876387364,2.1305546999974467,2000,440
PSO,min_valid,10,10,0.008820914682872216,1499.999322194921,"(0.0, 1500.0)",0.9311749816355088,1.8797665999991295,2000,320
PSO,min_valid,11,11,0.012707245454607788,1499.9989934734854,"(0.0, 1500.0)",0.9311746338662099,2.204855799998768,2000,400
PSO,min_valid,12,12,0.01014967169754914,1499.9982640754465,"(0.0, 1500.0)",0.9311747415210386,2.285488199999236,2000,480
PSO,min_valid,13,13,0.0005722414432239031,1499.999852861453,"(0.0, 1500.0)",0.9311756983575373,2.540515900000173,2000,560
PSO,min_valid,14,14,0.009360136854169435,1499.9918144452165,"(0.0, 1500.0)",0.9311739769816512,2.4062223000000813,2000,640
PSO,min_valid,15,15,0.0025411089972694513,1499.99822209281,"(0.0, 1500.0)",0.9311753345117528,1.7774632000000565,2000,360
PSO,min_valid,16,16,0.003912700320777604,1499.9957471654182,"(0.0, 1500.0)",0.9311749094438648,2.2009859000027063,2000,840
PSO,min_valid,17,17,0.0022313218890055997,1499.9999167941496,"(0.0, 1500.0)",0.9311755760748821,2.2398619999985385,2000,640
PSO,min_valid,18,18,1999.9845073883796,0.0010526732742262616,"(2000.0, 0.0)",0.897745721187198,2.1565537999995286,2000,480
PSO,min_valid,19,19,0.017722526432122042,1499.9999694841542,"(0.0, 1500.0)",0.9311743645344273,2.4054218999990553,2000,160
PSO,min_valid,20,20,0.004096190729833001,1499.9998146064715,"(0.0, 1500.0)",0.9311754163174282,2.3392309000009845,2000,560
PSO,min_valid,21,21,1999.9989406480136,0.0014720612955163685,"(2000.0, 0.0)",0.8977469446756573,2.3027908000003663,2000,640
PSO,min_valid,22,22,0.004558160831925671,1499.9991344170976,"(0.0, 1500.0)",0.9311752928099869,2.3659101000012015,2000,520
PSO,min_valid,23,23,1999.999875086612,0.0024253842767922723,"(2000.0, 0.0)",0.8977468505193804,2.2706892999995034,2000,760
PSO,min_valid,24,24,1999.9980461958828,0.000933145059405149,"(2000.0, 0.0)",0.8977469648671771,2.3488025999977253,2000,880
PSO,min_valid,25,25,0.001876906040852104,1499.9982545430335,"(0.0, 1500.0)",0.9311753909065038,2.2782114000001457,2000,200
PSO,min_valid,26,26,1999.992598227726,0.00041133709632297163,"(2000.0, 0.0)",0.8977465710931682,2.152357999999367,2000,800
PSO,min_valid,27,27,0.002266793456491889,1499.9992973759715,"(0.0, 1500.0)",0.9311754938980973,1.997966599999927,2000,1000
PSO,min_valid,28,28,0.00421838373134948,1499.998631538516,"(0.0, 1500.0)",0.9311752550801428,1.939913300000626,2000,640
PSO,min_valid,29,29,0.0031558509545434677,1499.9968488873653,"(0.0, 1500.0)",0.9311751101689091,2.082797200000641,2000,600
PSO,min_valid,30,30,0.00317703444031614,1499.9979528344302,"(0.0, 1500.0)",0.9311752499903652,2.4672175999985484,2000,440
